row_id,title,ros_version,source_code_required,simulation_use,tools_flag,tools,all_defect_codes,defect_code,major_category,subcategory,codebook_ros_scope,english_name,concise_label
1,"A systematic review on cybersecurity of robotic systems: vulnerabilities trends, threats, attacks, challenges, and proposed framework",ROS 1,No,No,False,No,ROS1-UTA; ROS1-LE; ROS1-LNA; ROS1-LFQ,ROS1-UTA,VUL,I,ROS 1,Unrestricted Topic and Service Access,Unrestricted Access
1,"A systematic review on cybersecurity of robotic systems: vulnerabilities trends, threats, attacks, challenges, and proposed framework",ROS 1,No,No,False,No,ROS1-UTA; ROS1-LE; ROS1-LNA; ROS1-LFQ,ROS1-LE,VUL,C,ROS 1,Lack of Encryption,No Encryption
1,"A systematic review on cybersecurity of robotic systems: vulnerabilities trends, threats, attacks, challenges, and proposed framework",ROS 1,No,No,False,No,ROS1-UTA; ROS1-LE; ROS1-LNA; ROS1-LFQ,ROS1-LNA,VUL,I,ROS 1,Lack of Node Authentication,No Node Authentication
1,"A systematic review on cybersecurity of robotic systems: vulnerabilities trends, threats, attacks, challenges, and proposed framework",ROS 1,No,No,False,No,ROS1-UTA; ROS1-LE; ROS1-LNA; ROS1-LFQ,ROS1-LFQ,VUL,A,ROS 1,Lack of Flow Control and QoS,No Flow/QoS Control
2,Cyber security of robots: A comprehensive survey,Both,No,No,False,No,ROS1-UTA; ROS1-LE; ROS1-LNA; ROS1-PNE,ROS1-UTA,VUL,I,ROS 1,Unrestricted Topic and Service Access,Unrestricted Access
2,Cyber security of robots: A comprehensive survey,Both,No,No,False,No,ROS1-UTA; ROS1-LE; ROS1-LNA; ROS1-PNE,ROS1-LE,VUL,C,ROS 1,Lack of Encryption,No Encryption
2,Cyber security of robots: A comprehensive survey,Both,No,No,False,No,ROS1-UTA; ROS1-LE; ROS1-LNA; ROS1-PNE,ROS1-LNA,VUL,I,ROS 1,Lack of Node Authentication,No Node Authentication
2,Cyber security of robots: A comprehensive survey,Both,No,No,False,No,ROS1-UTA; ROS1-LE; ROS1-LNA; ROS1-PNE,ROS1-PNE,VUL,C,ROS 1,Public Network Exposure,Public Exposure
3,"Robotics Cyber Security: Vulnerabilities, Attacks, Countermeasures, and Recommendations",ROS 1,No,No,False,No,ROS1-LE; ROS1-UTA,ROS1-LE,VUL,C,ROS 1,Lack of Encryption,No Encryption
3,"Robotics Cyber Security: Vulnerabilities, Attacks, Countermeasures, and Recommendations",ROS 1,No,No,False,No,ROS1-LE; ROS1-UTA,ROS1-UTA,VUL,I,ROS 1,Unrestricted Topic and Service Access,Unrestricted Access
4,An Empirical Study of Vulnerabilities in Robotics,Both,No,No,False,No,ROS1-LE; ROS1-PNE; ROS1-LNA; ROS1-LFQ,ROS1-LE,VUL,C,ROS 1,Lack of Encryption,No Encryption
4,An Empirical Study of Vulnerabilities in Robotics,Both,No,No,False,No,ROS1-LE; ROS1-PNE; ROS1-LNA; ROS1-LFQ,ROS1-PNE,VUL,C,ROS 1,Public Network Exposure,Public Exposure
4,An Empirical Study of Vulnerabilities in Robotics,Both,No,No,False,No,ROS1-LE; ROS1-PNE; ROS1-LNA; ROS1-LFQ,ROS1-LNA,VUL,I,ROS 1,Lack of Node Authentication,No Node Authentication
4,An Empirical Study of Vulnerabilities in Robotics,Both,No,No,False,No,ROS1-LE; ROS1-PNE; ROS1-LNA; ROS1-LFQ,ROS1-LFQ,VUL,A,ROS 1,Lack of Flow Control and QoS,No Flow/QoS Control
5,Security in Robot Operating Systems (ROS): Analytical Review Study,Both,No,No,False,No,ROS1-UTA; ROS1-LE; ROS1-LNA; ROS1-PNE; ROS1-LFQ,ROS1-UTA,VUL,I,ROS 1,Unrestricted Topic and Service Access,Unrestricted Access
5,Security in Robot Operating Systems (ROS): Analytical Review Study,Both,No,No,False,No,ROS1-UTA; ROS1-LE; ROS1-LNA; ROS1-PNE; ROS1-LFQ,ROS1-LE,VUL,C,ROS 1,Lack of Encryption,No Encryption
5,Security in Robot Operating Systems (ROS): Analytical Review Study,Both,No,No,False,No,ROS1-UTA; ROS1-LE; ROS1-LNA; ROS1-PNE; ROS1-LFQ,ROS1-LNA,VUL,I,ROS 1,Lack of Node Authentication,No Node Authentication
5,Security in Robot Operating Systems (ROS): Analytical Review Study,Both,No,No,False,No,ROS1-UTA; ROS1-LE; ROS1-LNA; ROS1-PNE; ROS1-LFQ,ROS1-PNE,VUL,C,ROS 1,Public Network Exposure,Public Exposure
5,Security in Robot Operating Systems (ROS): Analytical Review Study,Both,No,No,False,No,ROS1-UTA; ROS1-LE; ROS1-LNA; ROS1-PNE; ROS1-LFQ,ROS1-LFQ,VUL,A,ROS 1,Lack of Flow Control and QoS,No Flow/QoS Control
6,Who Controls Your Robot? An Evaluation of ROS Security Mechanisms,Both,No,No,False,No,ROS2-ILE; ROS1-LE; ROS1-LNA; ROS1-UTA; ROS2-MPIB,ROS2-ILE,VUL,C,ROS 2,Incomplete or Leaky Encryption,Leaky Encryption
6,Who Controls Your Robot? An Evaluation of ROS Security Mechanisms,Both,No,No,False,No,ROS2-ILE; ROS1-LE; ROS1-LNA; ROS1-UTA; ROS2-MPIB,ROS1-LE,VUL,C,ROS 1,Lack of Encryption,No Encryption
6,Who Controls Your Robot? An Evaluation of ROS Security Mechanisms,Both,No,No,False,No,ROS2-ILE; ROS1-LE; ROS1-LNA; ROS1-UTA; ROS2-MPIB,ROS1-LNA,VUL,I,ROS 1,Lack of Node Authentication,No Node Authentication
6,Who Controls Your Robot? An Evaluation of ROS Security Mechanisms,Both,No,No,False,No,ROS2-ILE; ROS1-LE; ROS1-LNA; ROS1-UTA; ROS2-MPIB,ROS1-UTA,VUL,I,ROS 1,Unrestricted Topic and Service Access,Unrestricted Access
6,Who Controls Your Robot? An Evaluation of ROS Security Mechanisms,Both,No,No,False,No,ROS2-ILE; ROS1-LE; ROS1-LNA; ROS1-UTA; ROS2-MPIB,ROS2-MPIB,VUL,I,ROS 2,Missing Publisher Identity Binding,No Publisher Binding
7,Robot Operating System 2: The Need for a Holistic Security Approach to Robotic Architectures,ROS 2,No,No,False,No,ROS2-ILE; ROS2-ICAPP; ROS2-LRI; ROS2-CSCE,ROS2-ILE,VUL,C,ROS 2,Incomplete or Leaky Encryption,Leaky Encryption
7,Robot Operating System 2: The Need for a Holistic Security Approach to Robotic Architectures,ROS 2,No,No,False,No,ROS2-ILE; ROS2-ICAPP; ROS2-LRI; ROS2-CSCE,ROS2-ICAPP,VUL,I,ROS 2,Inadequate Credential and Policy Protection,Weak Credential Protection
7,Robot Operating System 2: The Need for a Holistic Security Approach to Robotic Architectures,ROS 2,No,No,False,No,ROS2-ILE; ROS2-ICAPP; ROS2-LRI; ROS2-CSCE,ROS2-LRI,VUL,A,ROS 2,Lack of Resource Isolation,No Resource Isolation
7,Robot Operating System 2: The Need for a Holistic Security Approach to Robotic Architectures,ROS 2,No,No,False,No,ROS2-ILE; ROS2-ICAPP; ROS2-LRI; ROS2-CSCE,ROS2-CSCE,VUL,C,ROS 2,Cryptographic Supply Chain Exposure,Crypto Supply Chain
8,Understanding Misconfigurations in ROS: An Empirical Study and Current Approaches,Both,No,No,False,No,ICF; BSE; SEF,ICF,REL,SEM,ROS 1 / ROS 2,Interaction and Communication Faults,Interaction/Communication
8,Understanding Misconfigurations in ROS: An Empirical Study and Current Approaches,Both,No,No,False,No,ICF; BSE; SEF,BSE,REL,SEM,ROS 1 / ROS 2,Behavioral and Semantic Errors,Behavioral/Semantic
8,Understanding Misconfigurations in ROS: An Empirical Study and Current Approaches,Both,No,No,False,No,ICF; BSE; SEF,SEF,REL,CODE,ROS 1 / ROS 2,Scheduling and Execution Faults,Scheduling/Execution
9,The Role of Security in Human-Robot Shared Environments: A Case Study in ROS-based Surveillance Robots,ROS 1,No,No,False,No,ROS1-LE; ROS1-PNE; ROS1-LNA; ROS1-UTA; ROS1-SPF; ROS1-LFQ,ROS1-LE,VUL,C,ROS 1,Lack of Encryption,No Encryption
9,The Role of Security in Human-Robot Shared Environments: A Case Study in ROS-based Surveillance Robots,ROS 1,No,No,False,No,ROS1-LE; ROS1-PNE; ROS1-LNA; ROS1-UTA; ROS1-SPF; ROS1-LFQ,ROS1-PNE,VUL,C,ROS 1,Public Network Exposure,Public Exposure
9,The Role of Security in Human-Robot Shared Environments: A Case Study in ROS-based Surveillance Robots,ROS 1,No,No,False,No,ROS1-LE; ROS1-PNE; ROS1-LNA; ROS1-UTA; ROS1-SPF; ROS1-LFQ,ROS1-LNA,VUL,I,ROS 1,Lack of Node Authentication,No Node Authentication
9,The Role of Security in Human-Robot Shared Environments: A Case Study in ROS-based Surveillance Robots,ROS 1,No,No,False,No,ROS1-LE; ROS1-PNE; ROS1-LNA; ROS1-UTA; ROS1-SPF; ROS1-LFQ,ROS1-UTA,VUL,I,ROS 1,Unrestricted Topic and Service Access,Unrestricted Access
9,The Role of Security in Human-Robot Shared Environments: A Case Study in ROS-based Surveillance Robots,ROS 1,No,No,False,No,ROS1-LE; ROS1-PNE; ROS1-LNA; ROS1-UTA; ROS1-SPF; ROS1-LFQ,ROS1-SPF,VUL,A,ROS 1,Master as a Single Point of Failure,Master Single Point
9,The Role of Security in Human-Robot Shared Environments: A Case Study in ROS-based Surveillance Robots,ROS 1,No,No,False,No,ROS1-LE; ROS1-PNE; ROS1-LNA; ROS1-UTA; ROS1-SPF; ROS1-LFQ,ROS1-LFQ,VUL,A,ROS 1,Lack of Flow Control and QoS,No Flow/QoS Control
10,A Study on ROS Vulnerabilities and Countermeasure,ROS 1,No,Yes,False,No,ROS1-LE; ROS1-PNE; ROS1-LNA; ROS1-UTA; ROS1-SPF,ROS1-LE,VUL,C,ROS 1,Lack of Encryption,No Encryption
10,A Study on ROS Vulnerabilities and Countermeasure,ROS 1,No,Yes,False,No,ROS1-LE; ROS1-PNE; ROS1-LNA; ROS1-UTA; ROS1-SPF,ROS1-PNE,VUL,C,ROS 1,Public Network Exposure,Public Exposure
10,A Study on ROS Vulnerabilities and Countermeasure,ROS 1,No,Yes,False,No,ROS1-LE; ROS1-PNE; ROS1-LNA; ROS1-UTA; ROS1-SPF,ROS1-LNA,VUL,I,ROS 1,Lack of Node Authentication,No Node Authentication
10,A Study on ROS Vulnerabilities and Countermeasure,ROS 1,No,Yes,False,No,ROS1-LE; ROS1-PNE; ROS1-LNA; ROS1-UTA; ROS1-SPF,ROS1-UTA,VUL,I,ROS 1,Unrestricted Topic and Service Access,Unrestricted Access
10,A Study on ROS Vulnerabilities and Countermeasure,ROS 1,No,Yes,False,No,ROS1-LE; ROS1-PNE; ROS1-LNA; ROS1-UTA; ROS1-SPF,ROS1-SPF,VUL,A,ROS 1,Master as a Single Point of Failure,Master Single Point
11,Smart Malware that Uses Leaked Control Data of Robotic Applications: The Case of Raven-II Surgical Robots,ROS 1,No,Yes,False,No,ROS1-LE; ROS1-PNE; ROS1-LNA; ROS1-UTA; ROS1-SPF,ROS1-LE,VUL,C,ROS 1,Lack of Encryption,No Encryption
11,Smart Malware that Uses Leaked Control Data of Robotic Applications: The Case of Raven-II Surgical Robots,ROS 1,No,Yes,False,No,ROS1-LE; ROS1-PNE; ROS1-LNA; ROS1-UTA; ROS1-SPF,ROS1-PNE,VUL,C,ROS 1,Public Network Exposure,Public Exposure
11,Smart Malware that Uses Leaked Control Data of Robotic Applications: The Case of Raven-II Surgical Robots,ROS 1,No,Yes,False,No,ROS1-LE; ROS1-PNE; ROS1-LNA; ROS1-UTA; ROS1-SPF,ROS1-LNA,VUL,I,ROS 1,Lack of Node Authentication,No Node Authentication
11,Smart Malware that Uses Leaked Control Data of Robotic Applications: The Case of Raven-II Surgical Robots,ROS 1,No,Yes,False,No,ROS1-LE; ROS1-PNE; ROS1-LNA; ROS1-UTA; ROS1-SPF,ROS1-UTA,VUL,I,ROS 1,Unrestricted Topic and Service Access,Unrestricted Access
11,Smart Malware that Uses Leaked Control Data of Robotic Applications: The Case of Raven-II Surgical Robots,ROS 1,No,Yes,False,No,ROS1-LE; ROS1-PNE; ROS1-LNA; ROS1-UTA; ROS1-SPF,ROS1-SPF,VUL,A,ROS 1,Master as a Single Point of Failure,Master Single Point
12,ROSploit: Cybersecurity Tool for ROS,ROS 1,No,No,False,No,ROS1-LE; ROS1-PNE; ROS1-LNA; ROS1-UTA; ROS1-SPF; ROS1-LFQ,ROS1-LE,VUL,C,ROS 1,Lack of Encryption,No Encryption
12,ROSploit: Cybersecurity Tool for ROS,ROS 1,No,No,False,No,ROS1-LE; ROS1-PNE; ROS1-LNA; ROS1-UTA; ROS1-SPF; ROS1-LFQ,ROS1-PNE,VUL,C,ROS 1,Public Network Exposure,Public Exposure
12,ROSploit: Cybersecurity Tool for ROS,ROS 1,No,No,False,No,ROS1-LE; ROS1-PNE; ROS1-LNA; ROS1-UTA; ROS1-SPF; ROS1-LFQ,ROS1-LNA,VUL,I,ROS 1,Lack of Node Authentication,No Node Authentication
12,ROSploit: Cybersecurity Tool for ROS,ROS 1,No,No,False,No,ROS1-LE; ROS1-PNE; ROS1-LNA; ROS1-UTA; ROS1-SPF; ROS1-LFQ,ROS1-UTA,VUL,I,ROS 1,Unrestricted Topic and Service Access,Unrestricted Access
12,ROSploit: Cybersecurity Tool for ROS,ROS 1,No,No,False,No,ROS1-LE; ROS1-PNE; ROS1-LNA; ROS1-UTA; ROS1-SPF; ROS1-LFQ,ROS1-SPF,VUL,A,ROS 1,Master as a Single Point of Failure,Master Single Point
12,ROSploit: Cybersecurity Tool for ROS,ROS 1,No,No,False,No,ROS1-LE; ROS1-PNE; ROS1-LNA; ROS1-UTA; ROS1-SPF; ROS1-LFQ,ROS1-LFQ,VUL,A,ROS 1,Lack of Flow Control and QoS,No Flow/QoS Control
13,Scanning the Internet for ROS: A View of Security in Robotics Research,ROS 1,No,No,False,No,ROS1-LE; ROS1-PNE; ROS1-LNA; ROS1-UTA; ROS1-IPS; ROS1-SPF,ROS1-LE,VUL,C,ROS 1,Lack of Encryption,No Encryption
13,Scanning the Internet for ROS: A View of Security in Robotics Research,ROS 1,No,No,False,No,ROS1-LE; ROS1-PNE; ROS1-LNA; ROS1-UTA; ROS1-IPS; ROS1-SPF,ROS1-PNE,VUL,C,ROS 1,Public Network Exposure,Public Exposure
13,Scanning the Internet for ROS: A View of Security in Robotics Research,ROS 1,No,No,False,No,ROS1-LE; ROS1-PNE; ROS1-LNA; ROS1-UTA; ROS1-IPS; ROS1-SPF,ROS1-LNA,VUL,I,ROS 1,Lack of Node Authentication,No Node Authentication
13,Scanning the Internet for ROS: A View of Security in Robotics Research,ROS 1,No,No,False,No,ROS1-LE; ROS1-PNE; ROS1-LNA; ROS1-UTA; ROS1-IPS; ROS1-SPF,ROS1-UTA,VUL,I,ROS 1,Unrestricted Topic and Service Access,Unrestricted Access
13,Scanning the Internet for ROS: A View of Security in Robotics Research,ROS 1,No,No,False,No,ROS1-LE; ROS1-PNE; ROS1-LNA; ROS1-UTA; ROS1-IPS; ROS1-SPF,ROS1-IPS,VUL,I,ROS 1,Insecure Parameter Server,Insecure Parameters
13,Scanning the Internet for ROS: A View of Security in Robotics Research,ROS 1,No,No,False,No,ROS1-LE; ROS1-PNE; ROS1-LNA; ROS1-UTA; ROS1-IPS; ROS1-SPF,ROS1-SPF,VUL,A,ROS 1,Master as a Single Point of Failure,Master Single Point
14,Security on ROS: Analyzing and Exploiting Vulnerabilities of ROS-Based Systems,ROS 1,No,No,False,No,ROS1-PNE; ROS1-LNA; ROS1-UTA; ROS1-LFQ,ROS1-PNE,VUL,C,ROS 1,Public Network Exposure,Public Exposure
14,Security on ROS: Analyzing and Exploiting Vulnerabilities of ROS-Based Systems,ROS 1,No,No,False,No,ROS1-PNE; ROS1-LNA; ROS1-UTA; ROS1-LFQ,ROS1-LNA,VUL,I,ROS 1,Lack of Node Authentication,No Node Authentication
14,Security on ROS: Analyzing and Exploiting Vulnerabilities of ROS-Based Systems,ROS 1,No,No,False,No,ROS1-PNE; ROS1-LNA; ROS1-UTA; ROS1-LFQ,ROS1-UTA,VUL,I,ROS 1,Unrestricted Topic and Service Access,Unrestricted Access
14,Security on ROS: Analyzing and Exploiting Vulnerabilities of ROS-Based Systems,ROS 1,No,No,False,No,ROS1-PNE; ROS1-LNA; ROS1-UTA; ROS1-LFQ,ROS1-LFQ,VUL,A,ROS 1,Lack of Flow Control and QoS,No Flow/QoS Control
15,Security Controller Synthesis for ROS-based Robot,ROS 1,No,Yes,False,No,ROS1-PNE; ROS1-LNA; ROS1-UTA; ROS1-LFQ,ROS1-PNE,VUL,C,ROS 1,Public Network Exposure,Public Exposure
15,Security Controller Synthesis for ROS-based Robot,ROS 1,No,Yes,False,No,ROS1-PNE; ROS1-LNA; ROS1-UTA; ROS1-LFQ,ROS1-LNA,VUL,I,ROS 1,Lack of Node Authentication,No Node Authentication
15,Security Controller Synthesis for ROS-based Robot,ROS 1,No,Yes,False,No,ROS1-PNE; ROS1-LNA; ROS1-UTA; ROS1-LFQ,ROS1-UTA,VUL,I,ROS 1,Unrestricted Topic and Service Access,Unrestricted Access
15,Security Controller Synthesis for ROS-based Robot,ROS 1,No,Yes,False,No,ROS1-PNE; ROS1-LNA; ROS1-UTA; ROS1-LFQ,ROS1-LFQ,VUL,A,ROS 1,Lack of Flow Control and QoS,No Flow/QoS Control
16,Penetration Testing ROS,ROS 1,No,Yes,False,No,ROS1-LE; ROS1-PNE; ROS1-LNA; ROS1-UTA; ROS1-IPS; ROS1-SPF; ROS1-LFQ,ROS1-LE,VUL,C,ROS 1,Lack of Encryption,No Encryption
16,Penetration Testing ROS,ROS 1,No,Yes,False,No,ROS1-LE; ROS1-PNE; ROS1-LNA; ROS1-UTA; ROS1-IPS; ROS1-SPF; ROS1-LFQ,ROS1-PNE,VUL,C,ROS 1,Public Network Exposure,Public Exposure
16,Penetration Testing ROS,ROS 1,No,Yes,False,No,ROS1-LE; ROS1-PNE; ROS1-LNA; ROS1-UTA; ROS1-IPS; ROS1-SPF; ROS1-LFQ,ROS1-LNA,VUL,I,ROS 1,Lack of Node Authentication,No Node Authentication
16,Penetration Testing ROS,ROS 1,No,Yes,False,No,ROS1-LE; ROS1-PNE; ROS1-LNA; ROS1-UTA; ROS1-IPS; ROS1-SPF; ROS1-LFQ,ROS1-UTA,VUL,I,ROS 1,Unrestricted Topic and Service Access,Unrestricted Access
16,Penetration Testing ROS,ROS 1,No,Yes,False,No,ROS1-LE; ROS1-PNE; ROS1-LNA; ROS1-UTA; ROS1-IPS; ROS1-SPF; ROS1-LFQ,ROS1-IPS,VUL,I,ROS 1,Insecure Parameter Server,Insecure Parameters
16,Penetration Testing ROS,ROS 1,No,Yes,False,No,ROS1-LE; ROS1-PNE; ROS1-LNA; ROS1-UTA; ROS1-IPS; ROS1-SPF; ROS1-LFQ,ROS1-SPF,VUL,A,ROS 1,Master as a Single Point of Failure,Master Single Point
16,Penetration Testing ROS,ROS 1,No,Yes,False,No,ROS1-LE; ROS1-PNE; ROS1-LNA; ROS1-UTA; ROS1-IPS; ROS1-SPF; ROS1-LFQ,ROS1-LFQ,VUL,A,ROS 1,Lack of Flow Control and QoS,No Flow/QoS Control
17,Novel Denial-of-Service Attacks Against Cloud-Based Multi-Robot Systems,ROS 1,No,Yes,False,No,ROS1-PNE; ROS1-LNA; ROS1-UTA; ROS1-LFQ,ROS1-PNE,VUL,C,ROS 1,Public Network Exposure,Public Exposure
17,Novel Denial-of-Service Attacks Against Cloud-Based Multi-Robot Systems,ROS 1,No,Yes,False,No,ROS1-PNE; ROS1-LNA; ROS1-UTA; ROS1-LFQ,ROS1-LNA,VUL,I,ROS 1,Lack of Node Authentication,No Node Authentication
17,Novel Denial-of-Service Attacks Against Cloud-Based Multi-Robot Systems,ROS 1,No,Yes,False,No,ROS1-PNE; ROS1-LNA; ROS1-UTA; ROS1-LFQ,ROS1-UTA,VUL,I,ROS 1,Unrestricted Topic and Service Access,Unrestricted Access
17,Novel Denial-of-Service Attacks Against Cloud-Based Multi-Robot Systems,ROS 1,No,Yes,False,No,ROS1-PNE; ROS1-LNA; ROS1-UTA; ROS1-LFQ,ROS1-LFQ,VUL,A,ROS 1,Lack of Flow Control and QoS,No Flow/QoS Control
18,Data Tampering Attack Design for ROS-Based Object Detection and Tracking Robotic Platform,ROS 1,No,No,False,No,ROS1-LE; ROS1-PNE; ROS1-LNA; ROS1-UTA; ROS1-SPF,ROS1-LE,VUL,C,ROS 1,Lack of Encryption,No Encryption
18,Data Tampering Attack Design for ROS-Based Object Detection and Tracking Robotic Platform,ROS 1,No,No,False,No,ROS1-LE; ROS1-PNE; ROS1-LNA; ROS1-UTA; ROS1-SPF,ROS1-PNE,VUL,C,ROS 1,Public Network Exposure,Public Exposure
18,Data Tampering Attack Design for ROS-Based Object Detection and Tracking Robotic Platform,ROS 1,No,No,False,No,ROS1-LE; ROS1-PNE; ROS1-LNA; ROS1-UTA; ROS1-SPF,ROS1-LNA,VUL,I,ROS 1,Lack of Node Authentication,No Node Authentication
18,Data Tampering Attack Design for ROS-Based Object Detection and Tracking Robotic Platform,ROS 1,No,No,False,No,ROS1-LE; ROS1-PNE; ROS1-LNA; ROS1-UTA; ROS1-SPF,ROS1-UTA,VUL,I,ROS 1,Unrestricted Topic and Service Access,Unrestricted Access
18,Data Tampering Attack Design for ROS-Based Object Detection and Tracking Robotic Platform,ROS 1,No,No,False,No,ROS1-LE; ROS1-PNE; ROS1-LNA; ROS1-UTA; ROS1-SPF,ROS1-SPF,VUL,A,ROS 1,Master as a Single Point of Failure,Master Single Point
19,Analysis of Attacks on Robotic Operation System,Both,No,Yes,False,No,ROS1-LE; ROS1-PNE; ROS1-LNA; ROS1-UTA; ROS1-IPS; ROS1-SPF; ROS1-LFQ,ROS1-LE,VUL,C,ROS 1,Lack of Encryption,No Encryption
19,Analysis of Attacks on Robotic Operation System,Both,No,Yes,False,No,ROS1-LE; ROS1-PNE; ROS1-LNA; ROS1-UTA; ROS1-IPS; ROS1-SPF; ROS1-LFQ,ROS1-PNE,VUL,C,ROS 1,Public Network Exposure,Public Exposure
19,Analysis of Attacks on Robotic Operation System,Both,No,Yes,False,No,ROS1-LE; ROS1-PNE; ROS1-LNA; ROS1-UTA; ROS1-IPS; ROS1-SPF; ROS1-LFQ,ROS1-LNA,VUL,I,ROS 1,Lack of Node Authentication,No Node Authentication
19,Analysis of Attacks on Robotic Operation System,Both,No,Yes,False,No,ROS1-LE; ROS1-PNE; ROS1-LNA; ROS1-UTA; ROS1-IPS; ROS1-SPF; ROS1-LFQ,ROS1-UTA,VUL,I,ROS 1,Unrestricted Topic and Service Access,Unrestricted Access
19,Analysis of Attacks on Robotic Operation System,Both,No,Yes,False,No,ROS1-LE; ROS1-PNE; ROS1-LNA; ROS1-UTA; ROS1-IPS; ROS1-SPF; ROS1-LFQ,ROS1-IPS,VUL,I,ROS 1,Insecure Parameter Server,Insecure Parameters
19,Analysis of Attacks on Robotic Operation System,Both,No,Yes,False,No,ROS1-LE; ROS1-PNE; ROS1-LNA; ROS1-UTA; ROS1-IPS; ROS1-SPF; ROS1-LFQ,ROS1-SPF,VUL,A,ROS 1,Master as a Single Point of Failure,Master Single Point
19,Analysis of Attacks on Robotic Operation System,Both,No,Yes,False,No,ROS1-LE; ROS1-PNE; ROS1-LNA; ROS1-UTA; ROS1-IPS; ROS1-SPF; ROS1-LFQ,ROS1-LFQ,VUL,A,ROS 1,Lack of Flow Control and QoS,No Flow/QoS Control
20,Cyberattacks on Self-Driving Cars and Surgical and Eldercare Robots,Both,No,No,False,No,ROS1-LE; ROS1-PNE; ROS1-LNA; ROS1-UTA; ROS1-SPF; ROS1-LFQ,ROS1-LE,VUL,C,ROS 1,Lack of Encryption,No Encryption
20,Cyberattacks on Self-Driving Cars and Surgical and Eldercare Robots,Both,No,No,False,No,ROS1-LE; ROS1-PNE; ROS1-LNA; ROS1-UTA; ROS1-SPF; ROS1-LFQ,ROS1-PNE,VUL,C,ROS 1,Public Network Exposure,Public Exposure
20,Cyberattacks on Self-Driving Cars and Surgical and Eldercare Robots,Both,No,No,False,No,ROS1-LE; ROS1-PNE; ROS1-LNA; ROS1-UTA; ROS1-SPF; ROS1-LFQ,ROS1-LNA,VUL,I,ROS 1,Lack of Node Authentication,No Node Authentication
20,Cyberattacks on Self-Driving Cars and Surgical and Eldercare Robots,Both,No,No,False,No,ROS1-LE; ROS1-PNE; ROS1-LNA; ROS1-UTA; ROS1-SPF; ROS1-LFQ,ROS1-UTA,VUL,I,ROS 1,Unrestricted Topic and Service Access,Unrestricted Access
20,Cyberattacks on Self-Driving Cars and Surgical and Eldercare Robots,Both,No,No,False,No,ROS1-LE; ROS1-PNE; ROS1-LNA; ROS1-UTA; ROS1-SPF; ROS1-LFQ,ROS1-SPF,VUL,A,ROS 1,Master as a Single Point of Failure,Master Single Point
20,Cyberattacks on Self-Driving Cars and Surgical and Eldercare Robots,Both,No,No,False,No,ROS1-LE; ROS1-PNE; ROS1-LNA; ROS1-UTA; ROS1-SPF; ROS1-LFQ,ROS1-LFQ,VUL,A,ROS 1,Lack of Flow Control and QoS,No Flow/QoS Control
21,ROS Network Security for a Swing Doors Automation in a Robotized Hospital,ROS 1,No,No,False,No,ROS1-LE; ROS1-PNE; ROS1-LNA; ROS1-UTA; ROS1-SPF; ROS1-LFQ,ROS1-LE,VUL,C,ROS 1,Lack of Encryption,No Encryption
21,ROS Network Security for a Swing Doors Automation in a Robotized Hospital,ROS 1,No,No,False,No,ROS1-LE; ROS1-PNE; ROS1-LNA; ROS1-UTA; ROS1-SPF; ROS1-LFQ,ROS1-PNE,VUL,C,ROS 1,Public Network Exposure,Public Exposure
21,ROS Network Security for a Swing Doors Automation in a Robotized Hospital,ROS 1,No,No,False,No,ROS1-LE; ROS1-PNE; ROS1-LNA; ROS1-UTA; ROS1-SPF; ROS1-LFQ,ROS1-LNA,VUL,I,ROS 1,Lack of Node Authentication,No Node Authentication
21,ROS Network Security for a Swing Doors Automation in a Robotized Hospital,ROS 1,No,No,False,No,ROS1-LE; ROS1-PNE; ROS1-LNA; ROS1-UTA; ROS1-SPF; ROS1-LFQ,ROS1-UTA,VUL,I,ROS 1,Unrestricted Topic and Service Access,Unrestricted Access
21,ROS Network Security for a Swing Doors Automation in a Robotized Hospital,ROS 1,No,No,False,No,ROS1-LE; ROS1-PNE; ROS1-LNA; ROS1-UTA; ROS1-SPF; ROS1-LFQ,ROS1-SPF,VUL,A,ROS 1,Master as a Single Point of Failure,Master Single Point
21,ROS Network Security for a Swing Doors Automation in a Robotized Hospital,ROS 1,No,No,False,No,ROS1-LE; ROS1-PNE; ROS1-LNA; ROS1-UTA; ROS1-SPF; ROS1-LFQ,ROS1-LFQ,VUL,A,ROS 1,Lack of Flow Control and QoS,No Flow/QoS Control
22,An Analysis of DoS Attack on Robot Operating System,ROS 1,No,Yes,False,No,ROS1-LE; ROS1-PNE; ROS1-LNA; ROS1-UTA; ROS1-SPF; ROS1-LFQ,ROS1-LE,VUL,C,ROS 1,Lack of Encryption,No Encryption
22,An Analysis of DoS Attack on Robot Operating System,ROS 1,No,Yes,False,No,ROS1-LE; ROS1-PNE; ROS1-LNA; ROS1-UTA; ROS1-SPF; ROS1-LFQ,ROS1-PNE,VUL,C,ROS 1,Public Network Exposure,Public Exposure
22,An Analysis of DoS Attack on Robot Operating System,ROS 1,No,Yes,False,No,ROS1-LE; ROS1-PNE; ROS1-LNA; ROS1-UTA; ROS1-SPF; ROS1-LFQ,ROS1-LNA,VUL,I,ROS 1,Lack of Node Authentication,No Node Authentication
22,An Analysis of DoS Attack on Robot Operating System,ROS 1,No,Yes,False,No,ROS1-LE; ROS1-PNE; ROS1-LNA; ROS1-UTA; ROS1-SPF; ROS1-LFQ,ROS1-UTA,VUL,I,ROS 1,Unrestricted Topic and Service Access,Unrestricted Access
22,An Analysis of DoS Attack on Robot Operating System,ROS 1,No,Yes,False,No,ROS1-LE; ROS1-PNE; ROS1-LNA; ROS1-UTA; ROS1-SPF; ROS1-LFQ,ROS1-SPF,VUL,A,ROS 1,Master as a Single Point of Failure,Master Single Point
22,An Analysis of DoS Attack on Robot Operating System,ROS 1,No,Yes,False,No,ROS1-LE; ROS1-PNE; ROS1-LNA; ROS1-UTA; ROS1-SPF; ROS1-LFQ,ROS1-LFQ,VUL,A,ROS 1,Lack of Flow Control and QoS,No Flow/QoS Control
23,Understanding the Internet-Wide Vulnerability Landscape for ROS-based Robotic Vehicles,Both,No,No,False,No,ROS1-LE; ROS1-PNE; ROS1-LNA; ROS1-UTA; ROS1-IPS; ROS1-SPF; ROS2-ILE; ROS2-LMLAC; ROS2-ICAPP; ROS2-MPIB; ROS2-UTFAN,ROS1-LE,VUL,C,ROS 1,Lack of Encryption,No Encryption
23,Understanding the Internet-Wide Vulnerability Landscape for ROS-based Robotic Vehicles,Both,No,No,False,No,ROS1-LE; ROS1-PNE; ROS1-LNA; ROS1-UTA; ROS1-IPS; ROS1-SPF; ROS2-ILE; ROS2-LMLAC; ROS2-ICAPP; ROS2-MPIB; ROS2-UTFAN,ROS1-PNE,VUL,C,ROS 1,Public Network Exposure,Public Exposure
23,Understanding the Internet-Wide Vulnerability Landscape for ROS-based Robotic Vehicles,Both,No,No,False,No,ROS1-LE; ROS1-PNE; ROS1-LNA; ROS1-UTA; ROS1-IPS; ROS1-SPF; ROS2-ILE; ROS2-LMLAC; ROS2-ICAPP; ROS2-MPIB; ROS2-UTFAN,ROS1-LNA,VUL,I,ROS 1,Lack of Node Authentication,No Node Authentication
23,Understanding the Internet-Wide Vulnerability Landscape for ROS-based Robotic Vehicles,Both,No,No,False,No,ROS1-LE; ROS1-PNE; ROS1-LNA; ROS1-UTA; ROS1-IPS; ROS1-SPF; ROS2-ILE; ROS2-LMLAC; ROS2-ICAPP; ROS2-MPIB; ROS2-UTFAN,ROS1-UTA,VUL,I,ROS 1,Unrestricted Topic and Service Access,Unrestricted Access
23,Understanding the Internet-Wide Vulnerability Landscape for ROS-based Robotic Vehicles,Both,No,No,False,No,ROS1-LE; ROS1-PNE; ROS1-LNA; ROS1-UTA; ROS1-IPS; ROS1-SPF; ROS2-ILE; ROS2-LMLAC; ROS2-ICAPP; ROS2-MPIB; ROS2-UTFAN,ROS1-IPS,VUL,I,ROS 1,Insecure Parameter Server,Insecure Parameters
23,Understanding the Internet-Wide Vulnerability Landscape for ROS-based Robotic Vehicles,Both,No,No,False,No,ROS1-LE; ROS1-PNE; ROS1-LNA; ROS1-UTA; ROS1-IPS; ROS1-SPF; ROS2-ILE; ROS2-LMLAC; ROS2-ICAPP; ROS2-MPIB; ROS2-UTFAN,ROS1-SPF,VUL,A,ROS 1,Master as a Single Point of Failure,Master Single Point
23,Understanding the Internet-Wide Vulnerability Landscape for ROS-based Robotic Vehicles,Both,No,No,False,No,ROS1-LE; ROS1-PNE; ROS1-LNA; ROS1-UTA; ROS1-IPS; ROS1-SPF; ROS2-ILE; ROS2-LMLAC; ROS2-ICAPP; ROS2-MPIB; ROS2-UTFAN,ROS2-ILE,VUL,C,ROS 2,Incomplete or Leaky Encryption,Leaky Encryption
23,Understanding the Internet-Wide Vulnerability Landscape for ROS-based Robotic Vehicles,Both,No,No,False,No,ROS1-LE; ROS1-PNE; ROS1-LNA; ROS1-UTA; ROS1-IPS; ROS1-SPF; ROS2-ILE; ROS2-LMLAC; ROS2-ICAPP; ROS2-MPIB; ROS2-UTFAN,ROS2-LMLAC,VUL,C,ROS 2,Lack of Message-Level Access Control,No Message-Level Control
23,Understanding the Internet-Wide Vulnerability Landscape for ROS-based Robotic Vehicles,Both,No,No,False,No,ROS1-LE; ROS1-PNE; ROS1-LNA; ROS1-UTA; ROS1-IPS; ROS1-SPF; ROS2-ILE; ROS2-LMLAC; ROS2-ICAPP; ROS2-MPIB; ROS2-UTFAN,ROS2-ICAPP,VUL,I,ROS 2,Inadequate Credential and Policy Protection,Weak Credential Protection
23,Understanding the Internet-Wide Vulnerability Landscape for ROS-based Robotic Vehicles,Both,No,No,False,No,ROS1-LE; ROS1-PNE; ROS1-LNA; ROS1-UTA; ROS1-IPS; ROS1-SPF; ROS2-ILE; ROS2-LMLAC; ROS2-ICAPP; ROS2-MPIB; ROS2-UTFAN,ROS2-MPIB,VUL,I,ROS 2,Missing Publisher Identity Binding,No Publisher Binding
23,Understanding the Internet-Wide Vulnerability Landscape for ROS-based Robotic Vehicles,Both,No,No,False,No,ROS1-LE; ROS1-PNE; ROS1-LNA; ROS1-UTA; ROS1-IPS; ROS1-SPF; ROS2-ILE; ROS2-LMLAC; ROS2-ICAPP; ROS2-MPIB; ROS2-UTFAN,ROS2-UTFAN,VUL,A,ROS 2,Unregulated Traffic from Authenticated Nodes,Unregulated Auth Traffic
24,Analyzing Impact and Systemwide Effects of the SlowROS Attack in an Industrial Automation Scenario,ROS 1,No,No,False,No,ROS1-LE; ROS1-PNE; ROS1-LNA; ROS1-IPS; ROS1-SPF; ROS1-LFQ,ROS1-LE,VUL,C,ROS 1,Lack of Encryption,No Encryption
24,Analyzing Impact and Systemwide Effects of the SlowROS Attack in an Industrial Automation Scenario,ROS 1,No,No,False,No,ROS1-LE; ROS1-PNE; ROS1-LNA; ROS1-IPS; ROS1-SPF; ROS1-LFQ,ROS1-PNE,VUL,C,ROS 1,Public Network Exposure,Public Exposure
24,Analyzing Impact and Systemwide Effects of the SlowROS Attack in an Industrial Automation Scenario,ROS 1,No,No,False,No,ROS1-LE; ROS1-PNE; ROS1-LNA; ROS1-IPS; ROS1-SPF; ROS1-LFQ,ROS1-LNA,VUL,I,ROS 1,Lack of Node Authentication,No Node Authentication
24,Analyzing Impact and Systemwide Effects of the SlowROS Attack in an Industrial Automation Scenario,ROS 1,No,No,False,No,ROS1-LE; ROS1-PNE; ROS1-LNA; ROS1-IPS; ROS1-SPF; ROS1-LFQ,ROS1-IPS,VUL,I,ROS 1,Insecure Parameter Server,Insecure Parameters
24,Analyzing Impact and Systemwide Effects of the SlowROS Attack in an Industrial Automation Scenario,ROS 1,No,No,False,No,ROS1-LE; ROS1-PNE; ROS1-LNA; ROS1-IPS; ROS1-SPF; ROS1-LFQ,ROS1-SPF,VUL,A,ROS 1,Master as a Single Point of Failure,Master Single Point
24,Analyzing Impact and Systemwide Effects of the SlowROS Attack in an Industrial Automation Scenario,ROS 1,No,No,False,No,ROS1-LE; ROS1-PNE; ROS1-LNA; ROS1-IPS; ROS1-SPF; ROS1-LFQ,ROS1-LFQ,VUL,A,ROS 1,Lack of Flow Control and QoS,No Flow/QoS Control
25,Network Reconnaissance and Vulnerability Excavation of Secure DDS Systems,ROS 2,No,Yes,False,No,ROS2-ILE; ROS2-ICAPP; ROS2-UTFAN,ROS2-ILE,VUL,C,ROS 2,Incomplete or Leaky Encryption,Leaky Encryption
25,Network Reconnaissance and Vulnerability Excavation of Secure DDS Systems,ROS 2,No,Yes,False,No,ROS2-ILE; ROS2-ICAPP; ROS2-UTFAN,ROS2-ICAPP,VUL,I,ROS 2,Inadequate Credential and Policy Protection,Weak Credential Protection
25,Network Reconnaissance and Vulnerability Excavation of Secure DDS Systems,ROS 2,No,Yes,False,No,ROS2-ILE; ROS2-ICAPP; ROS2-UTFAN,ROS2-UTFAN,VUL,A,ROS 2,Unregulated Traffic from Authenticated Nodes,Unregulated Auth Traffic
26,AVGuardian: Detecting and Mitigating Publish-Subscribe Overprivilege for Autonomous Vehicle Systems,ROS 1,Yes,Yes,False,No,ROS2-ILE; ROS2-LMLAC; ROS2-ICAPP; ROS2-MPIB; ROS2-UTFAN,ROS2-ILE,VUL,C,ROS 2,Incomplete or Leaky Encryption,Leaky Encryption
26,AVGuardian: Detecting and Mitigating Publish-Subscribe Overprivilege for Autonomous Vehicle Systems,ROS 1,Yes,Yes,False,No,ROS2-ILE; ROS2-LMLAC; ROS2-ICAPP; ROS2-MPIB; ROS2-UTFAN,ROS2-LMLAC,VUL,C,ROS 2,Lack of Message-Level Access Control,No Message-Level Control
26,AVGuardian: Detecting and Mitigating Publish-Subscribe Overprivilege for Autonomous Vehicle Systems,ROS 1,Yes,Yes,False,No,ROS2-ILE; ROS2-LMLAC; ROS2-ICAPP; ROS2-MPIB; ROS2-UTFAN,ROS2-ICAPP,VUL,I,ROS 2,Inadequate Credential and Policy Protection,Weak Credential Protection
26,AVGuardian: Detecting and Mitigating Publish-Subscribe Overprivilege for Autonomous Vehicle Systems,ROS 1,Yes,Yes,False,No,ROS2-ILE; ROS2-LMLAC; ROS2-ICAPP; ROS2-MPIB; ROS2-UTFAN,ROS2-MPIB,VUL,I,ROS 2,Missing Publisher Identity Binding,No Publisher Binding
26,AVGuardian: Detecting and Mitigating Publish-Subscribe Overprivilege for Autonomous Vehicle Systems,ROS 1,Yes,Yes,False,No,ROS2-ILE; ROS2-LMLAC; ROS2-ICAPP; ROS2-MPIB; ROS2-UTFAN,ROS2-UTFAN,VUL,A,ROS 2,Unregulated Traffic from Authenticated Nodes,Unregulated Auth Traffic
27,Analyzing Security Vulnerability and Forensic Investigation of ROS2: A Case Study,ROS 2,No,Yes,False,No,ROS2-ILE; ROS2-LMLAC; ROS2-ICAPP; ROS2-LRI,ROS2-ILE,VUL,C,ROS 2,Incomplete or Leaky Encryption,Leaky Encryption
27,Analyzing Security Vulnerability and Forensic Investigation of ROS2: A Case Study,ROS 2,No,Yes,False,No,ROS2-ILE; ROS2-LMLAC; ROS2-ICAPP; ROS2-LRI,ROS2-LMLAC,VUL,C,ROS 2,Lack of Message-Level Access Control,No Message-Level Control
27,Analyzing Security Vulnerability and Forensic Investigation of ROS2: A Case Study,ROS 2,No,Yes,False,No,ROS2-ILE; ROS2-LMLAC; ROS2-ICAPP; ROS2-LRI,ROS2-ICAPP,VUL,I,ROS 2,Inadequate Credential and Policy Protection,Weak Credential Protection
27,Analyzing Security Vulnerability and Forensic Investigation of ROS2: A Case Study,ROS 2,No,Yes,False,No,ROS2-ILE; ROS2-LMLAC; ROS2-ICAPP; ROS2-LRI,ROS2-LRI,VUL,A,ROS 2,Lack of Resource Isolation,No Resource Isolation
28,Investigating Security Threats in Multi-Tenant ROS 2 Systems,Both,Yes,Yes,False,No,ROS2-ILE; ROS2-LMLAC; ROS2-ICAPP; ROS2-MPIB; ROS2-UTFAN; ROS2-LRI,ROS2-ILE,VUL,C,ROS 2,Incomplete or Leaky Encryption,Leaky Encryption
28,Investigating Security Threats in Multi-Tenant ROS 2 Systems,Both,Yes,Yes,False,No,ROS2-ILE; ROS2-LMLAC; ROS2-ICAPP; ROS2-MPIB; ROS2-UTFAN; ROS2-LRI,ROS2-LMLAC,VUL,C,ROS 2,Lack of Message-Level Access Control,No Message-Level Control
28,Investigating Security Threats in Multi-Tenant ROS 2 Systems,Both,Yes,Yes,False,No,ROS2-ILE; ROS2-LMLAC; ROS2-ICAPP; ROS2-MPIB; ROS2-UTFAN; ROS2-LRI,ROS2-ICAPP,VUL,I,ROS 2,Inadequate Credential and Policy Protection,Weak Credential Protection
28,Investigating Security Threats in Multi-Tenant ROS 2 Systems,Both,Yes,Yes,False,No,ROS2-ILE; ROS2-LMLAC; ROS2-ICAPP; ROS2-MPIB; ROS2-UTFAN; ROS2-LRI,ROS2-MPIB,VUL,I,ROS 2,Missing Publisher Identity Binding,No Publisher Binding
28,Investigating Security Threats in Multi-Tenant ROS 2 Systems,Both,Yes,Yes,False,No,ROS2-ILE; ROS2-LMLAC; ROS2-ICAPP; ROS2-MPIB; ROS2-UTFAN; ROS2-LRI,ROS2-UTFAN,VUL,A,ROS 2,Unregulated Traffic from Authenticated Nodes,Unregulated Auth Traffic
28,Investigating Security Threats in Multi-Tenant ROS 2 Systems,Both,Yes,Yes,False,No,ROS2-ILE; ROS2-LMLAC; ROS2-ICAPP; ROS2-MPIB; ROS2-UTFAN; ROS2-LRI,ROS2-LRI,VUL,A,ROS 2,Lack of Resource Isolation,No Resource Isolation
29,Cybersecurity in Autonomous Systems: Evaluating the Performance of Hardening ROS,ROS 1,No,No,True,Yes,ROS1-LE; ROS1-UTA,ROS1-LE,VUL,C,ROS 1,Lack of Encryption,No Encryption
29,Cybersecurity in Autonomous Systems: Evaluating the Performance of Hardening ROS,ROS 1,No,No,True,Yes,ROS1-LE; ROS1-UTA,ROS1-UTA,VUL,I,ROS 1,Unrestricted Topic and Service Access,Unrestricted Access
30,Cybersecurity in Autonomous Systems: Hardening ROS Using Encrypted Communications and Semantic Rules,ROS 1,No,No,True,Yes,ROS1-LE; ROS1-UTA,ROS1-LE,VUL,C,ROS 1,Lack of Encryption,No Encryption
30,Cybersecurity in Autonomous Systems: Hardening ROS Using Encrypted Communications and Semantic Rules,ROS 1,No,No,True,Yes,ROS1-LE; ROS1-UTA,ROS1-UTA,VUL,I,ROS 1,Unrestricted Topic and Service Access,Unrestricted Access
31,Increasing ROS 1.x Communication Security for Medical Surgery Robot,ROS 1,Yes,No,True,Yes,ROS1-LNA; ROS1-UTA,ROS1-LNA,VUL,I,ROS 1,Lack of Node Authentication,No Node Authentication
31,Increasing ROS 1.x Communication Security for Medical Surgery Robot,ROS 1,Yes,No,True,Yes,ROS1-LNA; ROS1-UTA,ROS1-UTA,VUL,I,ROS 1,Unrestricted Topic and Service Access,Unrestricted Access
32,Application-level Security for ROS-based Applications,ROS 1,Yes,No,True,Yes,ROS1-LNA; ROS1-UTA; ROS1-LE,ROS1-LNA,VUL,I,ROS 1,Lack of Node Authentication,No Node Authentication
32,Application-level Security for ROS-based Applications,ROS 1,Yes,No,True,Yes,ROS1-LNA; ROS1-UTA; ROS1-LE,ROS1-UTA,VUL,I,ROS 1,Unrestricted Topic and Service Access,Unrestricted Access
32,Application-level Security for ROS-based Applications,ROS 1,Yes,No,True,Yes,ROS1-LNA; ROS1-UTA; ROS1-LE,ROS1-LE,VUL,C,ROS 1,Lack of Encryption,No Encryption
33,Security for the Robot Operating System,ROS 1,Yes,No,True,Yes,ROS1-UTA; ROS1-LNA; ROS1-LE; ROS1-LFQ; ROS1-IPS,ROS1-UTA,VUL,I,ROS 1,Unrestricted Topic and Service Access,Unrestricted Access
33,Security for the Robot Operating System,ROS 1,Yes,No,True,Yes,ROS1-UTA; ROS1-LNA; ROS1-LE; ROS1-LFQ; ROS1-IPS,ROS1-LNA,VUL,I,ROS 1,Lack of Node Authentication,No Node Authentication
33,Security for the Robot Operating System,ROS 1,Yes,No,True,Yes,ROS1-UTA; ROS1-LNA; ROS1-LE; ROS1-LFQ; ROS1-IPS,ROS1-LE,VUL,C,ROS 1,Lack of Encryption,No Encryption
33,Security for the Robot Operating System,ROS 1,Yes,No,True,Yes,ROS1-UTA; ROS1-LNA; ROS1-LE; ROS1-LFQ; ROS1-IPS,ROS1-LFQ,VUL,A,ROS 1,Lack of Flow Control and QoS,No Flow/QoS Control
33,Security for the Robot Operating System,ROS 1,Yes,No,True,Yes,ROS1-UTA; ROS1-LNA; ROS1-LE; ROS1-LFQ; ROS1-IPS,ROS1-IPS,VUL,I,ROS 1,Insecure Parameter Server,Insecure Parameters
34,Policy-based Access Control for Robotic Applications,ROS 1,Yes,No,True,Yes,ROS1-UTA,ROS1-UTA,VUL,I,ROS 1,Unrestricted Topic and Service Access,Unrestricted Access
35,Cross-Layer Secure and Resilient Control of Delay-Sensitive Networked Robot Operating Systems,ROS 1,No,No,True,Yes,ROS1-UTA,ROS1-UTA,VUL,I,ROS 1,Unrestricted Topic and Service Access,Unrestricted Access
36,Designing a Security Platform for Collaborating Autonomous Systems – An Experience Report,ROS 1,Yes,No,True,Yes,ROS1-LNA; ROS1-UTA; ROS1-LE,ROS1-LNA,VUL,I,ROS 1,Lack of Node Authentication,No Node Authentication
36,Designing a Security Platform for Collaborating Autonomous Systems – An Experience Report,ROS 1,Yes,No,True,Yes,ROS1-LNA; ROS1-UTA; ROS1-LE,ROS1-UTA,VUL,I,ROS 1,Unrestricted Topic and Service Access,Unrestricted Access
36,Designing a Security Platform for Collaborating Autonomous Systems – An Experience Report,ROS 1,Yes,No,True,Yes,ROS1-LNA; ROS1-UTA; ROS1-LE,ROS1-LE,VUL,C,ROS 1,Lack of Encryption,No Encryption
37,Message Authentication Codes for Secure Remote Non-Native Client Connections to ROS Enabled Robots,ROS 1,Yes,No,True,Yes,ROS1-LNA; ROS1-LE; ROS1-PNE; ROS1-UTA,ROS1-LNA,VUL,I,ROS 1,Lack of Node Authentication,No Node Authentication
37,Message Authentication Codes for Secure Remote Non-Native Client Connections to ROS Enabled Robots,ROS 1,Yes,No,True,Yes,ROS1-LNA; ROS1-LE; ROS1-PNE; ROS1-UTA,ROS1-LE,VUL,C,ROS 1,Lack of Encryption,No Encryption
37,Message Authentication Codes for Secure Remote Non-Native Client Connections to ROS Enabled Robots,ROS 1,Yes,No,True,Yes,ROS1-LNA; ROS1-LE; ROS1-PNE; ROS1-UTA,ROS1-PNE,VUL,C,ROS 1,Public Network Exposure,Public Exposure
37,Message Authentication Codes for Secure Remote Non-Native Client Connections to ROS Enabled Robots,ROS 1,Yes,No,True,Yes,ROS1-LNA; ROS1-LE; ROS1-PNE; ROS1-UTA,ROS1-UTA,VUL,I,ROS 1,Unrestricted Topic and Service Access,Unrestricted Access
38,A Cryptography-Powered Infrastructure to Ensure the Integrity of Robot Workflows,ROS 1,Yes,No,True,Yes,BSE,BSE,REL,SEM,ROS 1 / ROS 2,Behavioral and Semantic Errors,Behavioral/Semantic
39,AuthROS: Secure Data Sharing Among Robot Operating Systems Based on Ethereum,ROS 1,No,No,True,Yes,ROS1-LE; ROS1-UTA; ROS1-LNA,ROS1-LE,VUL,C,ROS 1,Lack of Encryption,No Encryption
39,AuthROS: Secure Data Sharing Among Robot Operating Systems Based on Ethereum,ROS 1,No,No,True,Yes,ROS1-LE; ROS1-UTA; ROS1-LNA,ROS1-UTA,VUL,I,ROS 1,Unrestricted Topic and Service Access,Unrestricted Access
39,AuthROS: Secure Data Sharing Among Robot Operating Systems Based on Ethereum,ROS 1,No,No,True,Yes,ROS1-LE; ROS1-UTA; ROS1-LNA,ROS1-LNA,VUL,I,ROS 1,Lack of Node Authentication,No Node Authentication
40,Proposed Technique for Data Security with the AES Algorithm in Robot Operating System (ROS),ROS 1,Yes,No,True,Yes,ROS1-LE,ROS1-LE,VUL,C,ROS 1,Lack of Encryption,No Encryption
41,Procedurally Provisioned Access Control for Robotic Systems,ROS 2,No,No,True,Yes,ROS2-LMLAC,ROS2-LMLAC,VUL,C,ROS 2,Lack of Message-Level Access Control,No Message-Level Control
42,Enhancing Security in ROS,ROS 1,No,No,True,Yes,ROS1-UTA; ROS1-LNA; ROS1-LE,ROS1-UTA,VUL,I,ROS 1,Unrestricted Topic and Service Access,Unrestricted Access
42,Enhancing Security in ROS,ROS 1,No,No,True,Yes,ROS1-UTA; ROS1-LNA; ROS1-LE,ROS1-LNA,VUL,I,ROS 1,Lack of Node Authentication,No Node Authentication
42,Enhancing Security in ROS,ROS 1,No,No,True,Yes,ROS1-UTA; ROS1-LNA; ROS1-LE,ROS1-LE,VUL,C,ROS 1,Lack of Encryption,No Encryption
43,Runtime Verification on Hierarchical Properties of ROS-Based Robot Swarms,ROS 1,No,Hybrid,True,Yes,BSE; ROS1-UTA,BSE,REL,SEM,ROS 1 / ROS 2,Behavioral and Semantic Errors,Behavioral/Semantic
43,Runtime Verification on Hierarchical Properties of ROS-Based Robot Swarms,ROS 1,No,Hybrid,True,Yes,BSE; ROS1-UTA,ROS1-UTA,VUL,I,ROS 1,Unrestricted Topic and Service Access,Unrestricted Access
44,CryptoROS: A Secure Communication Architecture for ROS-Based Applications,ROS 1,No,No,True,Yes,ROS1-LE; ROS1-LNA; ROS1-UTA; ROS1-LFQ,ROS1-LE,VUL,C,ROS 1,Lack of Encryption,No Encryption
44,CryptoROS: A Secure Communication Architecture for ROS-Based Applications,ROS 1,No,No,True,Yes,ROS1-LE; ROS1-LNA; ROS1-UTA; ROS1-LFQ,ROS1-LNA,VUL,I,ROS 1,Lack of Node Authentication,No Node Authentication
44,CryptoROS: A Secure Communication Architecture for ROS-Based Applications,ROS 1,No,No,True,Yes,ROS1-LE; ROS1-LNA; ROS1-UTA; ROS1-LFQ,ROS1-UTA,VUL,I,ROS 1,Unrestricted Topic and Service Access,Unrestricted Access
44,CryptoROS: A Secure Communication Architecture for ROS-Based Applications,ROS 1,No,No,True,Yes,ROS1-LE; ROS1-LNA; ROS1-UTA; ROS1-LFQ,ROS1-LFQ,VUL,A,ROS 1,Lack of Flow Control and QoS,No Flow/QoS Control
45,TROS: Protecting Humanoids’ ROS from Privileged Attackers,Both,Yes,Hybrid,True,Yes,ROS1-LE; ROS1-LNA; ROS1-UTA; ROS2-ICAPP,ROS1-LE,VUL,C,ROS 1,Lack of Encryption,No Encryption
45,TROS: Protecting Humanoids’ ROS from Privileged Attackers,Both,Yes,Hybrid,True,Yes,ROS1-LE; ROS1-LNA; ROS1-UTA; ROS2-ICAPP,ROS1-LNA,VUL,I,ROS 1,Lack of Node Authentication,No Node Authentication
45,TROS: Protecting Humanoids’ ROS from Privileged Attackers,Both,Yes,Hybrid,True,Yes,ROS1-LE; ROS1-LNA; ROS1-UTA; ROS2-ICAPP,ROS1-UTA,VUL,I,ROS 1,Unrestricted Topic and Service Access,Unrestricted Access
45,TROS: Protecting Humanoids’ ROS from Privileged Attackers,Both,Yes,Hybrid,True,Yes,ROS1-LE; ROS1-LNA; ROS1-UTA; ROS2-ICAPP,ROS2-ICAPP,VUL,I,ROS 2,Inadequate Credential and Policy Protection,Weak Credential Protection
46,SROS2: Usable Cyber Security Tools for ROS 2,ROS 2,No,Yes,True,Yes,ROS2-ICAPP,ROS2-ICAPP,VUL,I,ROS 2,Inadequate Credential and Policy Protection,Weak Credential Protection
47,ROSEC: Intra-Process Isolation for ROS Composition With Memory Protection Keys,ROS 2,Yes,No,True,Yes,ROS2-LRI,ROS2-LRI,VUL,A,ROS 2,Lack of Resource Isolation,No Resource Isolation
48,Support Remote Attestation for Decentralized Robot Operating System (ROS) Using Trusted Execution Environment,ROS 2,No,No,True,Yes,ROS2-ICAPP,ROS2-ICAPP,VUL,I,ROS 2,Inadequate Credential and Policy Protection,Weak Credential Protection
49,Quantifying DDS-Cerberus Network Control Overhead,ROS 2,Yes,No,True,Yes,ROS2-MPIB,ROS2-MPIB,VUL,I,ROS 2,Missing Publisher Identity Binding,No Publisher Binding
50,Decentralized Information-Flow Control for ROS2,ROS 2,Yes,No,True,Yes,ROS2-LMLAC,ROS2-LMLAC,VUL,C,ROS 2,Lack of Message-Level Access Control,No Message-Level Control
51,ROSRV: Runtime Verification for Robots,ROS 1,No,No,True,Yes,BSE; ROS1-UTA; ROS1-LNA,BSE,REL,SEM,ROS 1 / ROS 2,Behavioral and Semantic Errors,Behavioral/Semantic
51,ROSRV: Runtime Verification for Robots,ROS 1,No,No,True,Yes,BSE; ROS1-UTA; ROS1-LNA,ROS1-UTA,VUL,I,ROS 1,Unrestricted Topic and Service Access,Unrestricted Access
51,ROSRV: Runtime Verification for Robots,ROS 1,No,No,True,Yes,BSE; ROS1-UTA; ROS1-LNA,ROS1-LNA,VUL,I,ROS 1,Lack of Node Authentication,No Node Authentication
52,ROSMonitoring: A Runtime Verification Framework for ROS,ROS 1,No,Yes,True,Yes,BSE,BSE,REL,SEM,ROS 1 / ROS 2,Behavioral and Semantic Errors,Behavioral/Semantic
53,ROS-Defender: SDN-Based Security Policy Enforcement for Robotic Applications,ROS 1,No,Hybrid,True,Yes,ROS1-UTA; ROS1-LFQ; ROS1-LNA; ROS1-LE,ROS1-UTA,VUL,I,ROS 1,Unrestricted Topic and Service Access,Unrestricted Access
53,ROS-Defender: SDN-Based Security Policy Enforcement for Robotic Applications,ROS 1,No,Hybrid,True,Yes,ROS1-UTA; ROS1-LFQ; ROS1-LNA; ROS1-LE,ROS1-LFQ,VUL,A,ROS 1,Lack of Flow Control and QoS,No Flow/QoS Control
53,ROS-Defender: SDN-Based Security Policy Enforcement for Robotic Applications,ROS 1,No,Hybrid,True,Yes,ROS1-UTA; ROS1-LFQ; ROS1-LNA; ROS1-LE,ROS1-LNA,VUL,I,ROS 1,Lack of Node Authentication,No Node Authentication
53,ROS-Defender: SDN-Based Security Policy Enforcement for Robotic Applications,ROS 1,No,Hybrid,True,Yes,ROS1-UTA; ROS1-LFQ; ROS1-LNA; ROS1-LE,ROS1-LE,VUL,C,ROS 1,Lack of Encryption,No Encryption
54,Towards a Robotic Intrusion Prevention System: Combining Security and Safety in Cognitive Social Robots,ROS 2,No,Hybrid,True,Yes,ROS2-MPIB; ROS2-UTFAN,ROS2-MPIB,VUL,I,ROS 2,Missing Publisher Identity Binding,No Publisher Binding
54,Towards a Robotic Intrusion Prevention System: Combining Security and Safety in Cognitive Social Robots,ROS 2,No,Hybrid,True,Yes,ROS2-MPIB; ROS2-UTFAN,ROS2-UTFAN,VUL,A,ROS 2,Unregulated Traffic from Authenticated Nodes,Unregulated Auth Traffic
55,Watch Your Callback: Offline Anomaly Detection Using Machine Learning in ROS 2,ROS 2,No,Yes,True,Yes,ROS2-UTFAN; SEF,ROS2-UTFAN,VUL,A,ROS 2,Unregulated Traffic from Authenticated Nodes,Unregulated Auth Traffic
55,Watch Your Callback: Offline Anomaly Detection Using Machine Learning in ROS 2,ROS 2,No,Yes,True,Yes,ROS2-UTFAN; SEF,SEF,REL,CODE,ROS 1 / ROS 2,Scheduling and Execution Faults,Scheduling/Execution
56,Intrusion Detection on Robot Cameras Using Spatio-Temporal Autoencoders: A Self-Driving Car Application,ROS 1,No,No,True,Yes,ROS1-UTA; ROS1-LFQ; ROS1-LNA; ROS1-LE,ROS1-UTA,VUL,I,ROS 1,Unrestricted Topic and Service Access,Unrestricted Access
56,Intrusion Detection on Robot Cameras Using Spatio-Temporal Autoencoders: A Self-Driving Car Application,ROS 1,No,No,True,Yes,ROS1-UTA; ROS1-LFQ; ROS1-LNA; ROS1-LE,ROS1-LFQ,VUL,A,ROS 1,Lack of Flow Control and QoS,No Flow/QoS Control
56,Intrusion Detection on Robot Cameras Using Spatio-Temporal Autoencoders: A Self-Driving Car Application,ROS 1,No,No,True,Yes,ROS1-UTA; ROS1-LFQ; ROS1-LNA; ROS1-LE,ROS1-LNA,VUL,I,ROS 1,Lack of Node Authentication,No Node Authentication
56,Intrusion Detection on Robot Cameras Using Spatio-Temporal Autoencoders: A Self-Driving Car Application,ROS 1,No,No,True,Yes,ROS1-UTA; ROS1-LFQ; ROS1-LNA; ROS1-LE,ROS1-LE,VUL,C,ROS 1,Lack of Encryption,No Encryption
57,Detecting Data Injection Attacks in ROS Systems Using Machine Learning,ROS 1,No,Yes,True,Yes,ROS1-UTA; ROS1-LNA,ROS1-UTA,VUL,I,ROS 1,Unrestricted Topic and Service Access,Unrestricted Access
57,Detecting Data Injection Attacks in ROS Systems Using Machine Learning,ROS 1,No,Yes,True,Yes,ROS1-UTA; ROS1-LNA,ROS1-LNA,VUL,I,ROS 1,Lack of Node Authentication,No Node Authentication
58,Trusted Operations of a Military Ground Robot in the Face of Man-in-the-Middle Cyberattacks Using Deep Learning Convolutional Neural Networks: Real-Time Experimental Outcomes,ROS 1,No,No,True,Yes,ROS1-UTA; ROS1-LNA; ROS1-LE,ROS1-UTA,VUL,I,ROS 1,Unrestricted Topic and Service Access,Unrestricted Access
58,Trusted Operations of a Military Ground Robot in the Face of Man-in-the-Middle Cyberattacks Using Deep Learning Convolutional Neural Networks: Real-Time Experimental Outcomes,ROS 1,No,No,True,Yes,ROS1-UTA; ROS1-LNA; ROS1-LE,ROS1-LNA,VUL,I,ROS 1,Lack of Node Authentication,No Node Authentication
58,Trusted Operations of a Military Ground Robot in the Face of Man-in-the-Middle Cyberattacks Using Deep Learning Convolutional Neural Networks: Real-Time Experimental Outcomes,ROS 1,No,No,True,Yes,ROS1-UTA; ROS1-LNA; ROS1-LE,ROS1-LE,VUL,C,ROS 1,Lack of Encryption,No Encryption
59,DCWM-LSTM: A Novel Attack Detection Framework for Robotic Arms,ROS 1,No,No,True,Yes,ROS1-UTA; ROS1-LFQ; ROS1-LNA,ROS1-UTA,VUL,I,ROS 1,Unrestricted Topic and Service Access,Unrestricted Access
59,DCWM-LSTM: A Novel Attack Detection Framework for Robotic Arms,ROS 1,No,No,True,Yes,ROS1-UTA; ROS1-LFQ; ROS1-LNA,ROS1-LFQ,VUL,A,ROS 1,Lack of Flow Control and QoS,No Flow/QoS Control
59,DCWM-LSTM: A Novel Attack Detection Framework for Robotic Arms,ROS 1,No,No,True,Yes,ROS1-UTA; ROS1-LFQ; ROS1-LNA,ROS1-LNA,VUL,I,ROS 1,Lack of Node Authentication,No Node Authentication
60,ROZZ: Property-based Fuzzing for Robotic Programs in ROS,Both,Yes,Yes,True,Yes,GPE,GPE,REL,CODE,ROS 1 / ROS 2,General Programming Errors,Programming Errors
61,Multi-Dimensional and Message-Guided Fuzzing for Robotic Programs in Robot Operating System,ROS 2,No,Yes,True,Yes,GPE,GPE,REL,CODE,ROS 1 / ROS 2,General Programming Errors,Programming Errors
62,Toward the Trustworthiness of Industrial Robotics Using Differential Fuzz Testing,ROS 1,No,Yes,True,Yes,BSE,BSE,REL,SEM,ROS 1 / ROS 2,Behavioral and Semantic Errors,Behavioral/Semantic
63,RoboFuzz: Fuzzing Robotic Systems over Robot Operating System (ROS) for Finding Correctness Bugs,ROS 2,No,Hybrid,True,Yes,BSE; GPE; ICF,BSE,REL,SEM,ROS 1 / ROS 2,Behavioral and Semantic Errors,Behavioral/Semantic
63,RoboFuzz: Fuzzing Robotic Systems over Robot Operating System (ROS) for Finding Correctness Bugs,ROS 2,No,Hybrid,True,Yes,BSE; GPE; ICF,GPE,REL,CODE,ROS 1 / ROS 2,General Programming Errors,Programming Errors
63,RoboFuzz: Fuzzing Robotic Systems over Robot Operating System (ROS) for Finding Correctness Bugs,ROS 2,No,Hybrid,True,Yes,BSE; GPE; ICF,ICF,REL,SEM,ROS 1 / ROS 2,Interaction and Communication Faults,Interaction/Communication
64,DiscoFuzzer: Discontinuity-based Vulnerability Detector for Robotic Systems,ROS 1,No,Yes,True,Yes,BSE; GPE,BSE,REL,SEM,ROS 1 / ROS 2,Behavioral and Semantic Errors,Behavioral/Semantic
64,DiscoFuzzer: Discontinuity-based Vulnerability Detector for Robotic Systems,ROS 1,No,Yes,True,Yes,BSE; GPE,GPE,REL,CODE,ROS 1 / ROS 2,General Programming Errors,Programming Errors
65,Enhancing ROS System Fuzzing through Callback Tracing,ROS 2,Yes,Yes,True,Yes,GPE; SEF,GPE,REL,CODE,ROS 1 / ROS 2,General Programming Errors,Programming Errors
65,Enhancing ROS System Fuzzing through Callback Tracing,ROS 2,Yes,Yes,True,Yes,GPE; SEF,SEF,REL,CODE,ROS 1 / ROS 2,Scheduling and Execution Faults,Scheduling/Execution
66,Property-Based Testing for the Robot Operating System,ROS 1,Yes,Yes,True,Yes,ICF; BSE; GPE,ICF,REL,SEM,ROS 1 / ROS 2,Interaction and Communication Faults,Interaction/Communication
66,Property-Based Testing for the Robot Operating System,ROS 1,Yes,Yes,True,Yes,ICF; BSE; GPE,BSE,REL,SEM,ROS 1 / ROS 2,Behavioral and Semantic Errors,Behavioral/Semantic
66,Property-Based Testing for the Robot Operating System,ROS 1,Yes,Yes,True,Yes,ICF; BSE; GPE,GPE,REL,CODE,ROS 1 / ROS 2,General Programming Errors,Programming Errors
67,Checking consistency of robot software architectures in ROS,ROS 1,No,Yes,True,Yes,ICF,ICF,REL,SEM,ROS 1 / ROS 2,Interaction and Communication Faults,Interaction/Communication
68,Static-time Extraction and Analysis of the ROS Computation Graph,ROS 1,Yes,No,True,Yes,ICF; SEF,ICF,REL,SEM,ROS 1 / ROS 2,Interaction and Communication Faults,Interaction/Communication
68,Static-time Extraction and Analysis of the ROS Computation Graph,ROS 1,Yes,No,True,Yes,ICF; SEF,SEF,REL,CODE,ROS 1 / ROS 2,Scheduling and Execution Faults,Scheduling/Execution
69,Verification of System-Wide Safety Properties of ROS Applications,ROS 1,Yes,No,True,Yes,BSE,BSE,REL,SEM,ROS 1 / ROS 2,Behavioral and Semantic Errors,Behavioral/Semantic
70,A Framework for Quality Assessment of ROS Repositories,ROS 1,Yes,No,True,Yes,GPE,GPE,REL,CODE,ROS 1 / ROS 2,General Programming Errors,Programming Errors
71,ROSInfer: Statically Inferring Behavioral Component Models for ROS-based Robotics Systems,ROS 1,Yes,No,True,Yes,ICF,ICF,REL,SEM,ROS 1 / ROS 2,Interaction and Communication Faults,Interaction/Communication
72,Towards Automatic Inference of Behavioral Component Models for ROS-Based Robotics Systems,ROS 1,Yes,No,True,Yes,BSE,BSE,REL,SEM,ROS 1 / ROS 2,Behavioral and Semantic Errors,Behavioral/Semantic
73,Lightweight Detection of Physical Unit Inconsistencies without Program Annotations,ROS 1,Yes,No,True,Yes,BSE,BSE,REL,SEM,ROS 1 / ROS 2,Behavioral and Semantic Errors,Behavioral/Semantic
74,"Phriky-Units: A Lightweight, Annotation-Free Physical Unit Inconsistency Detection Tool",ROS 1,Yes,No,True,Yes,BSE,BSE,REL,SEM,ROS 1 / ROS 2,Behavioral and Semantic Errors,Behavioral/Semantic
75,Phys: Probabilistic Physical Unit Assignment and Inconsistency Detection,ROS 1,Yes,No,True,Yes,BSE,BSE,REL,SEM,ROS 1 / ROS 2,Behavioral and Semantic Errors,Behavioral/Semantic
76,PhysFrame: Type Checking Physical Frames of Reference for Robotic Systems,ROS 1,Yes,No,True,Yes,BSE; ICF,BSE,REL,SEM,ROS 1 / ROS 2,Behavioral and Semantic Errors,Behavioral/Semantic
76,PhysFrame: Type Checking Physical Frames of Reference for Robotic Systems,ROS 1,Yes,No,True,Yes,BSE; ICF,ICF,REL,SEM,ROS 1 / ROS 2,Interaction and Communication Faults,Interaction/Communication
77,SA4U: Practical Static Analysis for Unit Type Error Detection,Unclear,Yes,Yes,True,Yes,BSE,BSE,REL,SEM,ROS 1 / ROS 2,Behavioral and Semantic Errors,Behavioral/Semantic
78,UPPAAL-Based Modeling and Verification of ROS 2 Multi-threaded Execution and Operating System Reservations,ROS 2,No,Hybrid,True,Yes,SEF,SEF,REL,CODE,ROS 1 / ROS 2,Scheduling and Execution Faults,Scheduling/Execution
79,A Model-Based Methodology for Automated Verification of ROS 2 Systems,ROS 2,No,No,True,Yes,SEF,SEF,REL,CODE,ROS 1 / ROS 2,Scheduling and Execution Faults,Scheduling/Execution
80,Formal Verification of ROS-based Robotic Applications using Timed-Automata,ROS 1,Yes,No,True,Yes,SEF,SEF,REL,CODE,ROS 1 / ROS 2,Scheduling and Execution Faults,Scheduling/Execution
81,Pattern-based verification of ROS 2 applications using UPPAAL,ROS 2,No,No,True,Yes,SEF,SEF,REL,CODE,ROS 1 / ROS 2,Scheduling and Execution Faults,Scheduling/Execution
82,Verifying ROS-Based Applications Using Timed and Stochastic Timed Automata,ROS 2,No,No,True,Yes,SEF,SEF,REL,CODE,ROS 1 / ROS 2,Scheduling and Execution Faults,Scheduling/Execution
83,DiNeROS: A Model-Driven Framework for Verifiable ROS Applications with Petri Nets,ROS 1,No,No,True,Yes,SEF; BSE,SEF,REL,CODE,ROS 1 / ROS 2,Scheduling and Execution Faults,Scheduling/Execution
83,DiNeROS: A Model-Driven Framework for Verifiable ROS Applications with Petri Nets,ROS 1,No,No,True,Yes,SEF; BSE,BSE,REL,SEM,ROS 1 / ROS 2,Behavioral and Semantic Errors,Behavioral/Semantic
84,Distributed Petri Nets for Model-Driven Verifiable Robotic Applications in ROS,ROS 1,No,No,True,Yes,ICF; BSE,ICF,REL,SEM,ROS 1 / ROS 2,Interaction and Communication Faults,Interaction/Communication
84,Distributed Petri Nets for Model-Driven Verifiable Robotic Applications in ROS,ROS 1,No,No,True,Yes,ICF; BSE,BSE,REL,SEM,ROS 1 / ROS 2,Behavioral and Semantic Errors,Behavioral/Semantic
85,Formal Verification of ROS Based Systems Using a Linear Logic Theorem Prover,ROS 1,Mixed,Yes,True,Yes,ICF; BSE,ICF,REL,SEM,ROS 1 / ROS 2,Interaction and Communication Faults,Interaction/Communication
85,Formal Verification of ROS Based Systems Using a Linear Logic Theorem Prover,ROS 1,Mixed,Yes,True,Yes,ICF; BSE,BSE,REL,SEM,ROS 1 / ROS 2,Behavioral and Semantic Errors,Behavioral/Semantic
86,Formal Analysis and Detection for ROS2 Communication Security Vulnerability,ROS 2,No,No,True,Yes,ROS2-ICAPP; ROS2-MPIB,ROS2-ICAPP,VUL,I,ROS 2,Inadequate Credential and Policy Protection,Weak Credential Protection
86,Formal Analysis and Detection for ROS2 Communication Security Vulnerability,ROS 2,No,No,True,Yes,ROS2-ICAPP; ROS2-MPIB,ROS2-MPIB,VUL,I,ROS 2,Missing Publisher Identity Binding,No Publisher Binding
87,ROSCallBaX: Statically Detecting Inconsistencies in Callback Function Setup of Robotic Systems,Both,Yes,No,True,Yes,SEF,SEF,REL,CODE,ROS 1 / ROS 2,Scheduling and Execution Faults,Scheduling/Execution
88,A Novel Solution for Securing Robot Communications Based on the MQTT Protocol and ROS,ROS 1,No,No,True,Yes,ROS1-LE; ROS1-LNA; ROS1-UTA,ROS1-LE,VUL,C,ROS 1,Lack of Encryption,No Encryption
88,A Novel Solution for Securing Robot Communications Based on the MQTT Protocol and ROS,ROS 1,No,No,True,Yes,ROS1-LE; ROS1-LNA; ROS1-UTA,ROS1-LNA,VUL,I,ROS 1,Lack of Node Authentication,No Node Authentication
88,A Novel Solution for Securing Robot Communications Based on the MQTT Protocol and ROS,ROS 1,No,No,True,Yes,ROS1-LE; ROS1-LNA; ROS1-UTA,ROS1-UTA,VUL,I,ROS 1,Unrestricted Topic and Service Access,Unrestricted Access
89,From Models To Software Through Automatic Transformations: An AADL To ROS End-to-End Toolchain,ROS 1,Yes,No,True,Yes,ICF; BDF,ICF,REL,SEM,ROS 1 / ROS 2,Interaction and Communication Faults,Interaction/Communication
89,From Models To Software Through Automatic Transformations: An AADL To ROS End-to-End Toolchain,ROS 1,Yes,No,True,Yes,ICF; BDF,BDF,REL,CODE,ROS 1 / ROS 2,Build and Dependency Faults,Build/Dependency Faults
90,On the (In)Security of Secure ROS2,ROS 2,Yes,Hybrid,False,No,ROS2-ILE; ROS2-LMLAC; ROS2-ICAPP; ROS2-MPIB; ROS2-UTFAN,ROS2-ILE,VUL,C,ROS 2,Incomplete or Leaky Encryption,Leaky Encryption
90,On the (In)Security of Secure ROS2,ROS 2,Yes,Hybrid,False,No,ROS2-ILE; ROS2-LMLAC; ROS2-ICAPP; ROS2-MPIB; ROS2-UTFAN,ROS2-LMLAC,VUL,C,ROS 2,Lack of Message-Level Access Control,No Message-Level Control
90,On the (In)Security of Secure ROS2,ROS 2,Yes,Hybrid,False,No,ROS2-ILE; ROS2-LMLAC; ROS2-ICAPP; ROS2-MPIB; ROS2-UTFAN,ROS2-ICAPP,VUL,I,ROS 2,Inadequate Credential and Policy Protection,Weak Credential Protection
90,On the (In)Security of Secure ROS2,ROS 2,Yes,Hybrid,False,No,ROS2-ILE; ROS2-LMLAC; ROS2-ICAPP; ROS2-MPIB; ROS2-UTFAN,ROS2-MPIB,VUL,I,ROS 2,Missing Publisher Identity Binding,No Publisher Binding
90,On the (In)Security of Secure ROS2,ROS 2,Yes,Hybrid,False,No,ROS2-ILE; ROS2-LMLAC; ROS2-ICAPP; ROS2-MPIB; ROS2-UTFAN,ROS2-UTFAN,VUL,A,ROS 2,Unregulated Traffic from Authenticated Nodes,Unregulated Auth Traffic
91,ROSDiscover: Statically Detecting Run-Time Architecture Misconfigurations in Robotics Systems,ROS 1,Yes,Yes,True,Yes,ICF,ICF,REL,SEM,ROS 1 / ROS 2,Interaction and Communication Faults,Interaction/Communication
